{
    "mAP": 0.0689146677465485,
    "mIoU": 0.08667174596932757,
    "submit": 0.038
}
